{"mean_reward": 0, "total_steps": 675000, "_timestamp": 1716517173.503972, "_runtime": 178.55855298042297, "_step": 26, "_wandb": {"runtime": 180}}