{"agent_0/rollout_episode_reward": -190.7436981201172, "_timestamp": 1717743965.881025, "agent_1/rollout_episode_reward": -190.7436981201172, "agent_2/rollout_episode_reward": -190.7436981201172, "FPS": 2154, "rollout_episode_reward": -190.7436981201172, "value_loss": 0.12365286126732826, "policy_loss": -0.012295697173550658, "dist_entropy": 1.3958746314048767, "actor_grad_norm": 0.31891918182373047, "critic_grad_norm": 0.24067652225494385, "ratio": 1.0017080783843995, "_runtime": 21.184452056884766, "_step": 52500, "_wandb": {"runtime": 25}}