{"mean_reward": 0, "total_steps": 100000, "_timestamp": 1716516949.796265, "_runtime": 54.08051776885986, "_step": 3, "_wandb": {"runtime": 53}}