{"agent_0/rollout_episode_reward": -158.3435516357422, "_timestamp": 1717742415.295852, "agent_1/rollout_episode_reward": -158.3435516357422, "agent_2/rollout_episode_reward": -158.3435516357422, "FPS": 3300, "rollout_episode_reward": -158.3435516357422, "value_loss": 0.019296113401651382, "policy_loss": -0.02243521307453511, "dist_entropy": 0.5705789804458619, "actor_grad_norm": 0.513048529624939, "critic_grad_norm": 0.0695561021566391, "ratio": 0.9994418799877167, "_runtime": 482.16658782958984, "_step": 1602500, "_wandb": {"runtime": 481}}