{"agent_0/rollout_episode_reward": -151.962890625, "_timestamp": 1716519596.3196301, "agent_1/rollout_episode_reward": -151.962890625, "agent_2/rollout_episode_reward": -151.962890625, "FPS": 2233, "rollout_episode_reward": -151.962890625, "value_loss": 0.017887894436717032, "policy_loss": -0.03231106527850032, "dist_entropy": 0.4377277225255966, "actor_grad_norm": 1.076398491859436, "critic_grad_norm": 0.05325973778963089, "ratio": 1.0017573237419128, "_runtime": 2227.3646070957184, "_step": 4977500, "_wandb": {"runtime": 2345}}